-- Pessoas

    -- Pessoas Motoristas

INSERT INTO Pessoa (cpf, prim_nome, nome_familia, data_nasc, rg) VALUES ('12323456352', 'Pedro', 'Rossi', TO_DATE('12/03/1998', 'MM/DD/YYYY'), '123456789');
INSERT INTO Pessoa (cpf, prim_nome, nome_familia, data_nasc, rg) VALUES ('23452346345', 'Joao', 'Silveira', TO_DATE('01/04/1997', 'MM/DD/YYYY'), '123111789');
INSERT INTO Pessoa (cpf, prim_nome, nome_familia, data_nasc, rg) VALUES ('76575456777', 'Lucas', 'Hermano', TO_DATE('02/05/1996', 'MM/DD/YYYY'), '123222789');
INSERT INTO Pessoa (cpf, prim_nome, nome_familia, data_nasc, rg) VALUES ('87567856787', 'Pedro', 'Britto', TO_DATE('03/06/1995', 'MM/DD/YYYY'), '123433389');
INSERT INTO Pessoa (cpf, prim_nome, nome_familia, data_nasc, rg) VALUES ('00023455435', 'Victor', 'Lima', TO_DATE('04/07/1994', 'MM/DD/YYYY'), '123454449');
INSERT INTO Pessoa (cpf, prim_nome, nome_familia, data_nasc, rg) VALUES ('13452432222', 'Junior', 'Bello', TO_DATE('05/08/1993', 'MM/DD/YYYY'), '125556789');
INSERT INTO Pessoa (cpf, prim_nome, nome_familia, data_nasc, rg) VALUES ('65543655536', 'Rafael', 'Rodrigues', TO_DATE('06/09/1992', 'MM/DD/YYYY'), '166656789');
INSERT INTO Pessoa (cpf, prim_nome, nome_familia, data_nasc, rg) VALUES ('12376845432', 'Maira', 'Lima', TO_DATE('07/10/1991', 'MM/DD/YYYY'), '123457779');
INSERT INTO Pessoa (cpf, prim_nome, nome_familia, data_nasc, rg) VALUES ('58746735663', 'Juliana', 'Farias', TO_DATE('08/12/1990', 'MM/DD/YYYY'), '123888789');
INSERT INTO Pessoa (cpf, prim_nome, nome_familia, data_nasc, rg) VALUES ('23455664764', 'Gabriel', 'Feitosa', TO_DATE('09/01/1989', 'MM/DD/YYYY'), '101101101');
INSERT INTO Pessoa (cpf, prim_nome, nome_familia, data_nasc, rg) VALUES ('12312312312', 'Pedro', 'Higor', TO_DATE('12/03/1998', 'MM/DD/YYYY'), '202202202');

    -- Pessoas Clientes

INSERT INTO Pessoa (cpf, prim_nome, nome_familia, data_nasc, rg) VALUES ('10101010101', 'Joao', 'Silveirao', TO_DATE('01/04/1997', 'MM/DD/YYYY'), '303303303');
INSERT INTO Pessoa (cpf, prim_nome, nome_familia, data_nasc, rg) VALUES ('20202020202', 'Lucas', 'Lucas', TO_DATE('02/05/1996', 'MM/DD/YYYY'), '404404404');
INSERT INTO Pessoa (cpf, prim_nome, nome_familia, data_nasc, rg) VALUES ('30303030303', 'Pedro', 'Tulio', TO_DATE('03/06/1995', 'MM/DD/YYYY'), '505505505');
INSERT INTO Pessoa (cpf, prim_nome, nome_familia, data_nasc, rg) VALUES ('40404040404', 'Victor', 'Gustavo', TO_DATE('04/07/1994', 'MM/DD/YYYY'), '606606606');
INSERT INTO Pessoa (cpf, prim_nome, nome_familia, data_nasc, rg) VALUES ('50505050505', 'Junior', 'Rafael', TO_DATE('05/08/1993', 'MM/DD/YYYY'), '707707707');
INSERT INTO Pessoa (cpf, prim_nome, nome_familia, data_nasc, rg) VALUES ('60606060606', 'Rafael', 'Ronaldo', TO_DATE('06/09/1992', 'MM/DD/YYYY'), '808808808');
INSERT INTO Pessoa (cpf, prim_nome, nome_familia, data_nasc, rg) VALUES ('70707070707', 'Maira', 'Ribeiro', TO_DATE('07/10/1991', 'MM/DD/YYYY'), '909909909');
INSERT INTO Pessoa (cpf, prim_nome, nome_familia, data_nasc, rg) VALUES ('80808080808', 'Juliana', 'Feitosa', TO_DATE('08/12/1990', 'MM/DD/YYYY'), '212212212');
INSERT INTO Pessoa (cpf, prim_nome, nome_familia, data_nasc, rg) VALUES ('90909090909', 'Gabriel', 'Gervasio', TO_DATE('09/01/1989', 'MM/DD/YYYY'), '313313313');
INSERT INTO Pessoa (cpf, prim_nome, nome_familia, data_nasc, rg) VALUES ('12121212121', 'Pedro', 'Filho', TO_DATE('12/03/1998', 'MM/DD/YYYY'), '414414414');

    -- Pessoas Funcionarios

INSERT INTO Pessoa (cpf, prim_nome, nome_familia, data_nasc, rg) VALUES ('13131313131', 'Joao', 'Barbosa', TO_DATE('01/04/1997', 'MM/DD/YYYY'), '515515515');
INSERT INTO Pessoa (cpf, prim_nome, nome_familia, data_nasc, rg) VALUES ('14141414141', 'Lucas', 'Hitallo', TO_DATE('02/05/1996', 'MM/DD/YYYY'), '616616616');
INSERT INTO Pessoa (cpf, prim_nome, nome_familia, data_nasc, rg) VALUES ('15151515151', 'Pedro', 'Senna', TO_DATE('03/06/1995', 'MM/DD/YYYY'), '717717717');
INSERT INTO Pessoa (cpf, prim_nome, nome_familia, data_nasc, rg) VALUES ('16161616161', 'Victor', 'Godoy', TO_DATE('04/07/1994', 'MM/DD/YYYY'), '818818818');
INSERT INTO Pessoa (cpf, prim_nome, nome_familia, data_nasc, rg) VALUES ('17171717171', 'Junior', 'Pereira', TO_DATE('05/08/1993', 'MM/DD/YYYY'), '919919919');
INSERT INTO Pessoa (cpf, prim_nome, nome_familia, data_nasc, rg) VALUES ('18181818181', 'Rafael', 'Caio', TO_DATE('06/09/1992', 'MM/DD/YYYY'), '323323323');
INSERT INTO Pessoa (cpf, prim_nome, nome_familia, data_nasc, rg) VALUES ('19191919191', 'Maira', 'Godoy', TO_DATE('07/10/1991', 'MM/DD/YYYY'), '424424424');
INSERT INTO Pessoa (cpf, prim_nome, nome_familia, data_nasc, rg) VALUES ('23232323232', 'Juliana', 'Pedrosa', TO_DATE('08/12/1990', 'MM/DD/YYYY'), '525525525');
INSERT INTO Pessoa (cpf, prim_nome, nome_familia, data_nasc, rg) VALUES ('24242424242', 'Gabriel', 'Ribeiro', TO_DATE('09/01/1989', 'MM/DD/YYYY'), '626626626');
INSERT INTO Pessoa (cpf, prim_nome, nome_familia, data_nasc, rg) VALUES ('25252525252', 'Pedro', 'Ricardo', TO_DATE('12/03/1998', 'MM/DD/YYYY'), '727727727');

    -- Pessoas Falecidos

INSERT INTO Pessoa (cpf, prim_nome, nome_familia, data_nasc, rg) VALUES ('26262626262', 'Joao', 'Cavalcanti', TO_DATE('01/04/1997', 'MM/DD/YYYY'), '828828828');
INSERT INTO Pessoa (cpf, prim_nome, nome_familia, data_nasc, rg) VALUES ('27272727272', 'Lucas', 'Santana', TO_DATE('02/05/1996', 'MM/DD/YYYY'), '929929929');
INSERT INTO Pessoa (cpf, prim_nome, nome_familia, data_nasc, rg) VALUES ('28282828282', 'Pedro', 'Everton', TO_DATE('03/06/1995', 'MM/DD/YYYY'), '434434434');
INSERT INTO Pessoa (cpf, prim_nome, nome_familia, data_nasc, rg) VALUES ('29292929292', 'Victor', 'Thiago', TO_DATE('04/07/1994', 'MM/DD/YYYY'), '535535535');
INSERT INTO Pessoa (cpf, prim_nome, nome_familia, data_nasc, rg) VALUES ('34343434343', 'Junior', 'Andre', TO_DATE('05/08/1993', 'MM/DD/YYYY'), '636636636');
INSERT INTO Pessoa (cpf, prim_nome, nome_familia, data_nasc, rg) VALUES ('35353535353', 'Rafael', 'Dolabela', TO_DATE('06/09/1992', 'MM/DD/YYYY'), '737737737');
INSERT INTO Pessoa (cpf, prim_nome, nome_familia, data_nasc, rg) VALUES ('36363636363', 'Maira', 'Caraciolo', TO_DATE('07/10/1991', 'MM/DD/YYYY'), '838838838');
INSERT INTO Pessoa (cpf, prim_nome, nome_familia, data_nasc, rg) VALUES ('37373737373', 'Juliana', 'Henrique', TO_DATE('08/12/1990', 'MM/DD/YYYY'), '939939939');
INSERT INTO Pessoa (cpf, prim_nome, nome_familia, data_nasc, rg) VALUES ('38383838383', 'Gabriel', 'Otavio', TO_DATE('09/01/1989', 'MM/DD/YYYY'), '545545545');
INSERT INTO Pessoa (cpf, prim_nome, nome_familia, data_nasc, rg) VALUES ('39393939393', 'Tulio', 'Besouro', TO_DATE('09/01/1988', 'MM/DD/YYYY'), '656656656');

-- Motoristas
INSERT INTO Motorista (cpf_mot, cnh) VALUES ('12323456352', '11111111111');
INSERT INTO Motorista (cpf_mot, cnh) VALUES ('23452346345', '22222222222');
INSERT INTO Motorista (cpf_mot, cnh) VALUES ('76575456777', '33333333333');
INSERT INTO Motorista (cpf_mot, cnh) VALUES ('87567856787', '44444444444');
INSERT INTO Motorista (cpf_mot, cnh) VALUES ('00023455435', '55555555555');
INSERT INTO Motorista (cpf_mot, cnh) VALUES ('13452432222', '66666666666');
INSERT INTO Motorista (cpf_mot, cnh) VALUES ('65543655536', '77777777777');
INSERT INTO Motorista (cpf_mot, cnh) VALUES ('12376845432', '88888888888');
INSERT INTO Motorista (cpf_mot, cnh) VALUES ('58746735663', '99999999999');
INSERT INTO Motorista (cpf_mot, cnh) VALUES ('23455664764', '00000000000');
INSERT INTO Motorista (cpf_mot, cnh) VALUES ('12312312312', '01010101010');

-- Clientes
INSERT INTO Cliente (cpf_cliente) VALUES ('10101010101');
INSERT INTO Cliente (cpf_cliente) VALUES ('20202020202');
INSERT INTO Cliente (cpf_cliente) VALUES ('30303030303');
INSERT INTO Cliente (cpf_cliente) VALUES ('40404040404');
INSERT INTO Cliente (cpf_cliente) VALUES ('50505050505');
INSERT INTO Cliente (cpf_cliente) VALUES ('60606060606');
INSERT INTO Cliente (cpf_cliente) VALUES ('70707070707');
INSERT INTO Cliente (cpf_cliente) VALUES ('80808080808');
INSERT INTO Cliente (cpf_cliente) VALUES ('90909090909');
INSERT INTO Cliente (cpf_cliente) VALUES ('12121212121');

-- Funcionarios
INSERT INTO Funcionario (cpf_func, cpf_supv) VALUES ('13131313131', NULL);
INSERT INTO Funcionario (cpf_func, cpf_supv) VALUES ('14141414141', '13131313131');
INSERT INTO Funcionario (cpf_func, cpf_supv) VALUES ('15151515151', '13131313131');
INSERT INTO Funcionario (cpf_func, cpf_supv) VALUES ('16161616161', '13131313131');
INSERT INTO Funcionario (cpf_func, cpf_supv) VALUES ('17171717171', '13131313131');
INSERT INTO Funcionario (cpf_func, cpf_supv) VALUES ('18181818181', '13131313131');
INSERT INTO Funcionario (cpf_func, cpf_supv) VALUES ('19191919191', '13131313131');
INSERT INTO Funcionario (cpf_func, cpf_supv) VALUES ('23232323232', '13131313131');
INSERT INTO Funcionario (cpf_func, cpf_supv) VALUES ('24242424242', '13131313131');
INSERT INTO Funcionario (cpf_func, cpf_supv) VALUES ('25252525252', '13131313131');

-- Remuneracao
INSERT INTO Remuneracao (salario, funcao) VALUES (1200.00, 'Gerente de vendas');
INSERT INTO Remuneracao (salario, funcao) VALUES (1100.00, 'Recepcionista');
INSERT INTO Remuneracao (salario, funcao) VALUES (1000.00, 'Servicos Gerais');
INSERT INTO Remuneracao (salario, funcao) VALUES (1050.50, 'Secretario');
INSERT INTO Remuneracao (salario, funcao) VALUES (1333.33, 'Motorista');
INSERT INTO Remuneracao (salario, funcao) VALUES (1565.00, 'Mostrador');
INSERT INTO Remuneracao (salario, funcao) VALUES (2100.00, 'Supervisor de vendas');
INSERT INTO Remuneracao (salario, funcao) VALUES (3500.00, 'Gerente de marketing');
INSERT INTO Remuneracao (salario, funcao) VALUES (3340.20, 'Gerente de recursos humanos');
INSERT INTO Remuneracao (salario, funcao) VALUES (2101.12, 'Gerente de TI');

-- Cargos
INSERT INTO Cargo (funcao, cpf_func) VALUES ('Gerente de vendas', '13131313131');
INSERT INTO Cargo (funcao, cpf_func) VALUES ('Recepcionista', '14141414141');
INSERT INTO Cargo (funcao, cpf_func) VALUES ('Servicos Gerais', '15151515151');
INSERT INTO Cargo (funcao, cpf_func) VALUES ('Secretario', '16161616161');
INSERT INTO Cargo (funcao, cpf_func) VALUES ('Motorista', '17171717171');
INSERT INTO Cargo (funcao, cpf_func) VALUES ('Mostrador', '18181818181');
INSERT INTO Cargo (funcao, cpf_func) VALUES ('Supervisor de vendas', '19191919191');
INSERT INTO Cargo (funcao, cpf_func) VALUES ('Gerente de marketing', '23232323232');
INSERT INTO Cargo (funcao, cpf_func) VALUES ('Gerente de recursos humanos', '24242424242');
INSERT INTO Cargo (funcao, cpf_func) VALUES ('Gerente de TI', '25252525252');

-- Falecido
INSERT INTO Falecido (cpf_falec, data_obito, altura, largura) VALUES ('26262626262', TO_DATE('01/18/1901', 'MM/DD/YYYY'), 1.83, 0.45);
INSERT INTO Falecido (cpf_falec, data_obito, altura, largura) VALUES ('27272727272', TO_DATE('02/19/1888', 'MM/DD/YYYY'), 1.82, 0.55);
INSERT INTO Falecido (cpf_falec, data_obito, altura, largura) VALUES ('28282828282', TO_DATE('03/20/1987', 'MM/DD/YYYY'), 1.75, 0.65);
INSERT INTO Falecido (cpf_falec, data_obito, altura, largura) VALUES ('29292929292', TO_DATE('04/21/1999', 'MM/DD/YYYY'), 1.98, 0.34);
INSERT INTO Falecido (cpf_falec, data_obito, altura, largura) VALUES ('34343434343', TO_DATE('05/22/1965', 'MM/DD/YYYY'), 1.88, 0.44);
INSERT INTO Falecido (cpf_falec, data_obito, altura, largura) VALUES ('35353535353', TO_DATE('06/23/1955', 'MM/DD/YYYY'), 1.65, 0.43);
INSERT INTO Falecido (cpf_falec, data_obito, altura, largura) VALUES ('36363636363', TO_DATE('07/24/1973', 'MM/DD/YYYY'), 1.76, 0.56);
INSERT INTO Falecido (cpf_falec, data_obito, altura, largura) VALUES ('37373737373', TO_DATE('08/25/1944', 'MM/DD/YYYY'), 1.77, 0.50);
INSERT INTO Falecido (cpf_falec, data_obito, altura, largura) VALUES ('38383838383', TO_DATE('09/26/1988', 'MM/DD/YYYY'), 1.97, 0.50);
INSERT INTO Falecido (cpf_falec, data_obito, altura, largura) VALUES ('39393939393', TO_DATE('10/27/1970', 'MM/DD/YYYY'), 1.85, 0.32);

-- Carro
INSERT INTO Carro (placa, ano_fab, fabricante, modelo, cor) VALUES ('PGA5069', TO_DATE('2010', 'YYYY'), 'Fiat', 'Uno', 'Preto');
INSERT INTO Carro (placa, ano_fab, fabricante, modelo, cor) VALUES ('PGA3169', TO_DATE('2011', 'YYYY'), 'Fiat', 'Uno', 'Preto');
INSERT INTO Carro (placa, ano_fab, fabricante, modelo, cor) VALUES ('KHX3009', TO_DATE('2012', 'YYYY'), 'Fiat', 'Uno', 'Preto');
INSERT INTO Carro (placa, ano_fab, fabricante, modelo, cor) VALUES ('KHX3129', TO_DATE('2013', 'YYYY'), 'Fiat', 'Uno', 'Preto');
INSERT INTO Carro (placa, ano_fab, fabricante, modelo, cor) VALUES ('KPP1239', TO_DATE('2014', 'YYYY'), 'Fiat', 'Uno', 'Preto');
INSERT INTO Carro (placa, ano_fab, fabricante, modelo, cor) VALUES ('PEQ1229', TO_DATE('2015', 'YYYY'), 'Fiat', 'Uno', 'Preto');
INSERT INTO Carro (placa, ano_fab, fabricante, modelo, cor) VALUES ('KKK1111', TO_DATE('2016', 'YYYY'), 'Fiat', 'Uno', 'Preto');
INSERT INTO Carro (placa, ano_fab, fabricante, modelo, cor) VALUES ('XXX2345', TO_DATE('2009', 'YYYY'), 'Fiat', 'Uno', 'Preto');
INSERT INTO Carro (placa, ano_fab, fabricante, modelo, cor) VALUES ('XXT2342', TO_DATE('2008', 'YYYY'), 'Fiat', 'Uno', 'Preto');
INSERT INTO Carro (placa, ano_fab, fabricante, modelo, cor) VALUES ('PTR1234', TO_DATE('2007', 'YYYY'), 'Fiat', 'Uno', 'Preto');
INSERT INTO Carro (placa, ano_fab, fabricante, modelo, cor) VALUES ('KIY1234', TO_DATE('2007', 'YYYY'), 'Fiat', 'Uno', 'Preto');
INSERT INTO Carro (placa, ano_fab, fabricante, modelo, cor) VALUES ('RES8888', TO_DATE('2008', 'YYYY'), 'Fiat', 'Uno', 'Preto');

-- Transporta
INSERT INTO Transporta (data, placa_carro, cpf_mot, cpf_falec) VALUES (TO_DATE('01/01/2016 12:00:33', 'MM/DD/YYYY hh24:mi:ss'), 'PGA5069', '12323456352', '26262626262');
INSERT INTO Transporta (data, placa_carro, cpf_mot, cpf_falec) VALUES (TO_DATE('02/02/2016 12:00:33', 'MM/DD/YYYY hh24:mi:ss'), 'PGA3169', '23452346345', '27272727272');
INSERT INTO Transporta (data, placa_carro, cpf_mot, cpf_falec) VALUES (TO_DATE('03/03/2016 12:00:33', 'MM/DD/YYYY hh24:mi:ss'), 'KHX3009', '76575456777', '28282828282');
INSERT INTO Transporta (data, placa_carro, cpf_mot, cpf_falec) VALUES (TO_DATE('03/03/2015 12:00:33', 'MM/DD/YYYY hh24:mi:ss'), 'KHX3129', '87567856787', '29292929292');
INSERT INTO Transporta (data, placa_carro, cpf_mot, cpf_falec) VALUES (TO_DATE('03/03/2014 12:00:33', 'MM/DD/YYYY hh24:mi:ss'), 'PEQ1229', '00023455435', '34343434343');
INSERT INTO Transporta (data, placa_carro, cpf_mot, cpf_falec) VALUES (TO_DATE('04/04/2016 12:00:33', 'MM/DD/YYYY hh24:mi:ss'), 'KKK1111', '13452432222', '35353535353');
INSERT INTO Transporta (data, placa_carro, cpf_mot, cpf_falec) VALUES (TO_DATE('04/04/2015 12:00:33', 'MM/DD/YYYY hh24:mi:ss'), 'XXX2345', '65543655536', '36363636363');
INSERT INTO Transporta (data, placa_carro, cpf_mot, cpf_falec) VALUES (TO_DATE('05/05/2016 12:00:33', 'MM/DD/YYYY hh24:mi:ss'), 'XXT2342', '12376845432', '37373737373');
INSERT INTO Transporta (data, placa_carro, cpf_mot, cpf_falec) VALUES (TO_DATE('06/05/2016 12:00:33', 'MM/DD/YYYY hh24:mi:ss'), 'PTR1234', '58746735663', '38383838383');
INSERT INTO Transporta (data, placa_carro, cpf_mot, cpf_falec) VALUES (TO_DATE('06/06/2016 12:00:33', 'MM/DD/YYYY hh24:mi:ss'), 'RES8888', '23455664764', '39393939393');

-- Funeral

    -- Funeral Enterro

INSERT INTO Funeral (id, data) VALUES (01, TO_DATE('03/02/1987', 'MM/DD/YYYY'));
INSERT INTO Funeral (id, data) VALUES (02, TO_DATE('04/08/1990', 'MM/DD/YYYY'));
INSERT INTO Funeral (id, data) VALUES (03, TO_DATE('05/10/1991', 'MM/DD/YYYY'));
INSERT INTO Funeral (id, data) VALUES (04, TO_DATE('06/12/2000', 'MM/DD/YYYY'));
INSERT INTO Funeral (id, data) VALUES (05, TO_DATE('07/15/2001', 'MM/DD/YYYY'));
INSERT INTO Funeral (id, data) VALUES (06, TO_DATE('08/22/2002', 'MM/DD/YYYY'));
INSERT INTO Funeral (id, data) VALUES (07, TO_DATE('09/26/2003', 'MM/DD/YYYY'));
INSERT INTO Funeral (id, data) VALUES (08, TO_DATE('10/12/2004', 'MM/DD/YYYY'));
INSERT INTO Funeral (id, data) VALUES (09, TO_DATE('11/09/2005', 'MM/DD/YYYY'));
INSERT INTO Funeral (id, data) VALUES (10, TO_DATE('12/30/2006', 'MM/DD/YYYY'));

    --Funeral Cremacao

INSERT INTO Funeral (id, data) VALUES (11, TO_DATE('08/07/2007', 'MM/DD/YYYY'));
INSERT INTO Funeral (id, data) VALUES (12, TO_DATE('05/14/2008', 'MM/DD/YYYY'));
INSERT INTO Funeral (id, data) VALUES (13, TO_DATE('09/29/2009', 'MM/DD/YYYY'));
INSERT INTO Funeral (id, data) VALUES (14, TO_DATE('01/11/2010', 'MM/DD/YYYY'));
INSERT INTO Funeral (id, data) VALUES (15, TO_DATE('02/15/2016', 'MM/DD/YYYY'));
INSERT INTO Funeral (id, data) VALUES (16, TO_DATE('02/15/2016', 'MM/DD/YYYY'));
INSERT INTO Funeral (id, data) VALUES (17, TO_DATE('02/15/2016', 'MM/DD/YYYY'));
INSERT INTO Funeral (id, data) VALUES (18, TO_DATE('02/15/2016', 'MM/DD/YYYY'));
INSERT INTO Funeral (id, data) VALUES (19, TO_DATE('02/15/2016', 'MM/DD/YYYY'));
INSERT INTO Funeral (id, data) VALUES (20, TO_DATE('02/15/2016', 'MM/DD/YYYY'));

-- Enterro
INSERT INTO Enterro (id_funeral) VALUES (01);
INSERT INTO Enterro (id_funeral) VALUES (02);
INSERT INTO Enterro (id_funeral) VALUES (03);
INSERT INTO Enterro (id_funeral) VALUES (04);
INSERT INTO Enterro (id_funeral) VALUES (05);
INSERT INTO Enterro (id_funeral) VALUES (06);
INSERT INTO Enterro (id_funeral) VALUES (07);
INSERT INTO Enterro (id_funeral) VALUES (08);
INSERT INTO Enterro (id_funeral) VALUES (09);
INSERT INTO Enterro (id_funeral) VALUES (10);

-- Cremacao
INSERT INTO Cremacao (id_funeral) VALUES (11);
INSERT INTO Cremacao (id_funeral) VALUES (12);
INSERT INTO Cremacao (id_funeral) VALUES (13);
INSERT INTO Cremacao (id_funeral) VALUES (14);
INSERT INTO Cremacao (id_funeral) VALUES (15);
INSERT INTO Cremacao (id_funeral) VALUES (16);
INSERT INTO Cremacao (id_funeral) VALUES (17);
INSERT INTO Cremacao (id_funeral) VALUES (18);
INSERT INTO Cremacao (id_funeral) VALUES (19);
INSERT INTO Cremacao (id_funeral) VALUES (20);

-- Contrata
INSERT INTO Contrata (cpf_cliente, cpf_falec, id_funeral, data) VALUES ('10101010101', '26262626262', 01, TO_DATE('04/04/2016', 'MM/DD/YYYY'));
INSERT INTO Contrata (cpf_cliente, cpf_falec, id_funeral, data) VALUES ('20202020202', '27272727272', 02, TO_DATE('01/01/2016', 'MM/DD/YYYY'));
INSERT INTO Contrata (cpf_cliente, cpf_falec, id_funeral, data) VALUES ('30303030303', '28282828282', 03, TO_DATE('02/02/2016', 'MM/DD/YYYY'));
INSERT INTO Contrata (cpf_cliente, cpf_falec, id_funeral, data) VALUES ('40404040404', '29292929292', 04, TO_DATE('03/03/2016', 'MM/DD/YYYY'));
INSERT INTO Contrata (cpf_cliente, cpf_falec, id_funeral, data) VALUES ('50505050505', '34343434343', 05, TO_DATE('05/05/2016', 'MM/DD/YYYY'));
INSERT INTO Contrata (cpf_cliente, cpf_falec, id_funeral, data) VALUES ('60606060606', '35353535353', 06, TO_DATE('06/06/2016', 'MM/DD/YYYY'));
INSERT INTO Contrata (cpf_cliente, cpf_falec, id_funeral, data) VALUES ('70707070707', '36363636363', 07, TO_DATE('07/07/2016', 'MM/DD/YYYY'));
INSERT INTO Contrata (cpf_cliente, cpf_falec, id_funeral, data) VALUES ('80808080808', '37373737373', 08, TO_DATE('08/08/2016', 'MM/DD/YYYY'));
INSERT INTO Contrata (cpf_cliente, cpf_falec, id_funeral, data) VALUES ('90909090909', '38383838383', 09, TO_DATE('09/09/2016', 'MM/DD/YYYY'));
INSERT INTO Contrata (cpf_cliente, cpf_falec, id_funeral, data) VALUES ('12121212121', '39393939393', 10, TO_DATE('10/10/2016', 'MM/DD/YYYY'));

-- Produto

    -- Produto Urna

INSERT INTO Produto (num_serie, preco, cor, fabricante) VALUES ('1234', 100.20, 'Branco', 'São Gonçalo');
INSERT INTO Produto (num_serie, preco, cor, fabricante) VALUES ('1235', 101.20, 'Preto', 'Faurtil');
INSERT INTO Produto (num_serie, preco, cor, fabricante) VALUES ('1236', 102.25, 'Azul', 'JBS');
INSERT INTO Produto (num_serie, preco, cor, fabricante) VALUES ('1237', 120.31, 'Cinza', 'São Gonçalo');
INSERT INTO Produto (num_serie, preco, cor, fabricante) VALUES ('1238', 121.30, 'Preto', 'Faurtil');
INSERT INTO Produto (num_serie, preco, cor, fabricante) VALUES ('1239', 122.30, 'Azul', 'JBS');
INSERT INTO Produto (num_serie, preco, cor, fabricante) VALUES ('1240', 135.06, 'Branco', 'São Gonçalo');
INSERT INTO Produto (num_serie, preco, cor, fabricante) VALUES ('1241', 136.00, 'Preto', 'Faurtil');
INSERT INTO Produto (num_serie, preco, cor, fabricante) VALUES ('1242', 137.00, 'Cinza', 'JBS');
INSERT INTO Produto (num_serie, preco, cor, fabricante) VALUES ('1243', 140.29, 'Branco', 'São Gonçalo');

    -- Produto Caixao

INSERT INTO Produto (num_serie, preco, cor, fabricante) VALUES ('1244', 141.20, 'Preto', 'Faurtil');
INSERT INTO Produto (num_serie, preco, cor, fabricante) VALUES ('1245', 142.20, 'Azul', 'JBS');
INSERT INTO Produto (num_serie, preco, cor, fabricante) VALUES ('1246', 156.55, 'Branco', 'São Gonçalo');
INSERT INTO Produto (num_serie, preco, cor, fabricante) VALUES ('1247', 189.90, 'Cinza', 'Faurtil');
INSERT INTO Produto (num_serie, preco, cor, fabricante) VALUES ('1248', 102.20, 'Azul', 'JBS');
INSERT INTO Produto (num_serie, preco, cor, fabricante) VALUES ('1249', 100.20, 'Branco', 'São Gonçalo');
INSERT INTO Produto (num_serie, preco, cor, fabricante) VALUES ('1250', 101.20, 'Preto', 'Faurtil');
INSERT INTO Produto (num_serie, preco, cor, fabricante) VALUES ('1251', 102.20, 'Azul', 'JBS');
INSERT INTO Produto (num_serie, preco, cor, fabricante) VALUES ('1252', 100.20, 'Branco', 'São Gonçalo');
INSERT INTO Produto (num_serie, preco, cor, fabricante) VALUES ('1253', 101.20, 'Preto', 'Faurtil');

-- Urna
INSERT INTO Urna (num_serie, peso, volume, id_funeral) VALUES ('1234', 1000.00, 10.00, 11);
INSERT INTO Urna (num_serie, peso, volume, id_funeral) VALUES ('1235', 1250.10, 12.10, 12);
INSERT INTO Urna (num_serie, peso, volume, id_funeral) VALUES ('1236', 1459.20, 14.60, 13);
INSERT INTO Urna (num_serie, peso, volume, id_funeral) VALUES ('1237', 1700.30, 16.90, 14);
INSERT INTO Urna (num_serie, peso, volume, id_funeral) VALUES ('1238', 2000.40, 18.70, 15);
INSERT INTO Urna (num_serie, peso, volume, id_funeral) VALUES ('1239', 2200.50, 20.20, 16);
INSERT INTO Urna (num_serie, peso, volume, id_funeral) VALUES ('1240', 2321.60, 22.50, 17);
INSERT INTO Urna (num_serie, peso, volume, id_funeral) VALUES ('1241', 2654.70, 25.90, 18);
INSERT INTO Urna (num_serie, peso, volume, id_funeral) VALUES ('1242', 2858.80, 28.00, 19);
INSERT INTO Urna (num_serie, peso, volume, id_funeral) VALUES ('1243', 3002.90, 30.20, 20);

-- Caixao
INSERT INTO Caixao (num_serie, altura, largura, revestimento, id_funeral) VALUES ('1244', 1.50, 0.30, 'Verniz', 01);
INSERT INTO Caixao (num_serie, altura, largura, revestimento, id_funeral) VALUES ('1245', 1.55, 0.34, 'Couro', 02);
INSERT INTO Caixao (num_serie, altura, largura, revestimento, id_funeral) VALUES ('1246', 1.60, 0.39, 'Espuma', 03);
INSERT INTO Caixao (num_serie, altura, largura, revestimento, id_funeral) VALUES ('1247', 1.65, 0.42, 'Verniz', 04);
INSERT INTO Caixao (num_serie, altura, largura, revestimento, id_funeral) VALUES ('1248', 1.70, 0.46, 'Couro', 05);
INSERT INTO Caixao (num_serie, altura, largura, revestimento, id_funeral) VALUES ('1249', 1.80, 0.52, 'Espuma', 06);
INSERT INTO Caixao (num_serie, altura, largura, revestimento, id_funeral) VALUES ('1250', 1.85, 0.55, 'Verniz', 07);
INSERT INTO Caixao (num_serie, altura, largura, revestimento, id_funeral) VALUES ('1251', 1.95, 0.58, 'Couro', 08);
INSERT INTO Caixao (num_serie, altura, largura, revestimento, id_funeral) VALUES ('1252', 2.05, 0.60, 'Espuma', 09);
INSERT INTO Caixao (num_serie, altura, largura, revestimento, id_funeral) VALUES ('1253', 2.20, 0.62, 'Verniz', 10);

-- Telefones
INSERT INTO Telefones (numero, cpf_pessoa) VALUES ('99916512', '12323456352');
INSERT INTO Telefones (numero, cpf_pessoa) VALUES ('99784078', '23452346345');
INSERT INTO Telefones (numero, cpf_pessoa) VALUES ('99919827', '76575456777');
INSERT INTO Telefones (numero, cpf_pessoa) VALUES ('99780605', '87567856787');
INSERT INTO Telefones (numero, cpf_pessoa) VALUES ('99787372', '00023455435');
INSERT INTO Telefones (numero, cpf_pessoa) VALUES ('99912115', '13452432222');
INSERT INTO Telefones (numero, cpf_pessoa) VALUES ('99918373', '65543655536');
INSERT INTO Telefones (numero, cpf_pessoa) VALUES ('99981955', '12376845432');
INSERT INTO Telefones (numero, cpf_pessoa) VALUES ('99916513', '58746735663');
INSERT INTO Telefones (numero, cpf_pessoa) VALUES ('99984160', '23455664764');
INSERT INTO Telefones (numero, cpf_pessoa) VALUES ('99988672', '12312312312');
INSERT INTO Telefones (numero, cpf_pessoa) VALUES ('99913000', '10101010101');
INSERT INTO Telefones (numero, cpf_pessoa) VALUES ('99981601', '20202020202');
INSERT INTO Telefones (numero, cpf_pessoa) VALUES ('99782510', '30303030303');
INSERT INTO Telefones (numero, cpf_pessoa) VALUES ('99786617', '40404040404');
INSERT INTO Telefones (numero, cpf_pessoa) VALUES ('99788455', '50505050505');

-- Convidado
INSERT INTO Convidado (id_convidado, prim_nome, nome_familia, id_funeral) VALUES (01, 'José', 'Santos', 01);
INSERT INTO Convidado (id_convidado, prim_nome, nome_familia, id_funeral) VALUES (02, 'João', 'Teixeira', 02);
INSERT INTO Convidado (id_convidado, prim_nome, nome_familia, id_funeral) VALUES (03, 'Manuel', 'Andrade', 03);
INSERT INTO Convidado (id_convidado, prim_nome, nome_familia, id_funeral) VALUES (04, 'Ricardo', 'Souza', 04);
INSERT INTO Convidado (id_convidado, prim_nome, nome_familia, id_funeral) VALUES (05, 'Lucas', 'Coelho', 05);
INSERT INTO Convidado (id_convidado, prim_nome, nome_familia, id_funeral) VALUES (06, 'Henrique', 'Dourado', 06);
INSERT INTO Convidado (id_convidado, prim_nome, nome_familia, id_funeral) VALUES (07, 'Ana', 'Lima', 07);
INSERT INTO Convidado (id_convidado, prim_nome, nome_familia, id_funeral) VALUES (08, 'Renata', 'Santana', 08);
INSERT INTO Convidado (id_convidado, prim_nome, nome_familia, id_funeral) VALUES (09, 'Maria', 'Abreu', 09);
INSERT INTO Convidado (id_convidado, prim_nome, nome_familia, id_funeral) VALUES (10, 'Clara', 'Silva', 10);

COMMIT;
